{"1.011": {"Optimal k": 47, "Precision": 0.7994239868339847, "TP": 3886}, "1.016": {"Optimal k": 50, "Precision": 0.7635803826698923, "TP": 3472}, "1.021": {"Optimal k": 49, "Precision": 0.7337091319052987, "TP": 3254}, "1.026": {"Optimal k": 48, "Precision": 0.7116087751371115, "TP": 3114}, "1.031": {"Optimal k": 15, "Precision": 0.688577055637617, "TP": 2797}, "1.036": {"Optimal k": 19, "Precision": 0.6639526276831976, "TP": 2691}, "1.041": {"Optimal k": 18, "Precision": 0.6315396113602392, "TP": 2535}, "1.046": {"Optimal k": 15, "Precision": 0.612668743509865, "TP": 2360}, "1.051": {"Optimal k": 49, "Precision": 0.592028433612592, "TP": 2332}, "1.056": {"Optimal k": 47, "Precision": 0.5687215765538151, "TP": 2251}, "1.061": {"Optimal k": 17, "Precision": 0.5539832285115304, "TP": 2114}, "1.066": {"Optimal k": 40, "Precision": 0.533235938641344, "TP": 2190}, "1.071": {"Optimal k": 44, "Precision": 0.5117958594126143, "TP": 2126}, "1.076": {"Optimal k": 48, "Precision": 0.4920401665442077, "TP": 2009}, "1.081": {"Optimal k": 50, "Precision": 0.47741147741147744, "TP": 1955}, "1.086": {"Optimal k": 50, "Precision": 0.45999527967901815, "TP": 1949}, "1.091": {"Optimal k": 49, "Precision": 0.44660666504500124, "TP": 1836}, "1.096": {"Optimal k": 42, "Precision": 0.43768545994065283, "TP": 1770}, "1.101": {"Optimal k": 41, "Precision": 0.42387543252595156, "TP": 1715}}